WARD NAME,CONSTITUENCY,COUNTY NAME
ABAKAILE,DAADAB,GARISSA
ABOGETA EAST,SOUTH IMENTI,MERU
ABOGETA WEST,SOUTH IMENTI,MERU
ABOTHUGUCHI CENTRAL,CENTRAL IMENTI,MERU
ABOTHUGUCHI WEST,CENTRAL IMENTI,MERU
ADAMASAJIDE,WAJIR WEST,WAJIR
ADU,MAGARINI,KILIFI
AGENG'A NANGUBA,FUNYULA,BUSIA
AGUTHI-GAAKI,TETU,NYERI
AHERO,NYANDO,KISUMU
AINABKOI/OLARE,AINABKOI,UASIN GISHU
AINAMOI,AINAMOI,KERICHO
AIRBASE,KAMUKUNJI,NAIROBI
AIRPORT,CHANGAMWE,MOMBASA
AKACHIU,IGEMBE SOUTH,MERU
AKIRANG'ONDU,IGEMBE CENTRAL,MERU
AKITHII,TIGANIA WEST,MERU
ALALE,KACHELIBA,WEST POKOT
ALANGO GOF,LAFEY,MANDERA
AMALO,KURESOI SOUTH,NAKURU
AMUKURA CENTRAL,TESO SOUTH,BUSIA
AMUKURA EAST,TESO SOUTH,BUSIA
AMUKURA WEST,TESO SOUTH,BUSIA
AMWATHI,IGEMBE NORTH,MERU
ANGATA BARIKOI,KILGORIS,NAROK
ANGATA NANYOKIE,SAMBURU NORTH,SAMBURU
ANG'OROM,TESO SOUTH,BUSIA
ANG'URAI EAST,TESO NORTH,BUSIA
ANG'URAI NORTH,TESO NORTH,BUSIA
ANG'URAI SOUTH,TESO NORTH,BUSIA
ANTUAMBUI,IGEMBE NORTH,MERU
ANTUBETWE KIONGO,IGEMBE NORTH,MERU
ARABIA,MANDERA EAST,MANDERA
ARBAJAHAN,WAJIR WEST,WAJIR
ARROR,MARAKWET WEST,ELGEYO-MARAKWET
ASHABITO,MANDERA NORTH,MANDERA
ATHI,KITUI SOUTH,KITUI
ATHI RIVER,MAVOKO,MACHAKOS
ATHIRU GAITI,IGEMBE SOUTH,MERU
ATHIRU RUUJINE,IGEMBE CENTRAL,MERU
ATHWANA,TIGANIA WEST,MERU
AWASI/ONJIKO,NYANDO,KISUMU
BAAWA,SAMBURU NORTH,SAMBURU
BABA DOGO,RUARAKA,NAIROBI
BAHARI,LAMU WEST,LAMU
BAHATI,BAHATI,NAKURU
BALAMBALA,BALAMBALA,GARISSA
BAMBA,GANZE,KILIFI
BAMBURI,KISAUNI,MOMBASA
BANGALE,BURA,TANA RIVER
BANISSA,BANISSA,MANDERA
BANJA,HAMISI,VIHIGA
BARAGWI,GICHUGU,KIRINYAGA
BARAKI,LAGDERA,GARISSA
BARTABWA,BARINGO NORTH,BARINGO
BARUT,NAKURU TOWN WEST,NAKURU
BARWAGO,WAJIR EAST,WAJIR
BARWESSA,BARINGO NORTH,BARINGO
BASI BOGETAORIO,BOBASI,KISII
BASI CENTRAL,BOBASI,KISII
BASUBA,LAMU EAST,LAMU
BATALU,WAJIR NORTH,WAJIR
BATEI,POKOT SOUTH,WEST POKOT
BENANE,LAGDERA,GARISSA
BENANE,WAJIR SOUTH,WAJIR
BIASHARA,RUIRU,KIAMBU
BIASHARA,NAIVASHA,NAKURU
BIASHARA,NAKURU TOWN EAST,NAKURU
BIBIRIONI,LIMURU,KIAMBU
BIDII,KWANZA,TRANS NZOIA
BIRONGO,NYARIBARI CHACHE,KISII
BOBARACHO,NYARIBARI CHACHE,KISII
BOBASI BOITANGARE,BOBASI,KISII
BOBASI CHACHE,BOBASI,KISII
BOFU,LIKONI,MOMBASA
BOGEKA,KITUTU CHACHE SOUTH,KISII
BOGETENGA,SOUTH MUGIRANGO,KISII
BOGIAKUMU,BONCHARI,KISII
BOGICHORA,WEST MUGIRANGO,NYAMIRA
BOGUSERO,KITUTU CHACHE SOUTH,KISII
BOIKANG'A,SOUTH MUGIRANGO,KISII
BOITO,KONOIN,KONOIN
BOKEIRA,NORTH MUGIRANGO,NYAMIRA
BOKIMONGE,BOMACHOGE BORABU,KISII
BOKOLI,WEBUTE WEST,BUNGOMA
BOMANI,TAVETA,TAITA TAVETA
BOMARIBA,BONCHARI,KISII
BOMBABA BORABU,BOMACHOGE BORABU,KISII
BOMORENDA,BONCHARI,KISII
BOMWAGAMO,NORTH MUGIRANGO,NYAMIRA
BONYAMATUTA,WEST MUGIRANGO,NYAMIRA
BOOCHI BORABU,BOMACHOGE BORABU,KISII
BOOCHI/TENDERE,BOMACHOGE CHACHE,KISII
BORABU / CHITAGO,SOUTH MUGIRANGO,KISII
BOSAMARO,WEST MUGIRANGO,NYAMIRA
BOSOTI/SENGERA,BOMACHOGE CHACHE,KISII
BUKEMBE EAST,KANDUYI,BUNGOMA
BUKEMBE WEST,KANDUYI,BUNGOMA
BUKHAYO CENTRAL,NAMBALE,BUSIA
BUKHAYO EAST,NAMBALE,BUSIA
BUKHAYO NORTH/WALTSI,NAMBALE,BUSIA
BUKHAYO WEST,MATAYOS,BUSIA
BUKIRA CENTRL/IKEREGE,KURIA WEST,MIGORI
BUKIRA EAST,KURIA WEST,MIGORI
BULLA MPYA,MANDERA EAST,MANDERA
BULLA PESA,ISIOLO NORTH,ISIOLO
BUMULA,BUMULA,BUNGOMA
BUNYALA CENTRAL,BUDALANGI,BUSIA
BUNYALA CENTRAL,NAVAKHOLO,KAKAMEGA
BUNYALA EAST,NAVAKHOLO,KAKAMEGA
BUNYALA NORTH,BUDALANGI,BUSIA
BUNYALA SOUTH,BUDALANGI,BUSIA
BUNYALA WEST,BUDALANGI,BUSIA
BUNYALA WEST,NAVAKHOLO,KAKAMEGA
BURA,FAFI,GARISSA
BURA,MWATATE,TAITA TAVETA
BURAT,ISIOLO NORTH,ISIOLO
BURDER,WAJIR SOUTH,WAJIR
BURUMBA,MATAYOS,BUSIA
BUSALI,SABATIA,VIHIGA
BUSIBWABO,MATAYOS,BUSIA
BUTALI/CHEGULO,MALAVA,KAKAMEGA
BUTE,WAJIR NORTH,WAJIR
BUTIYE,MOYALE,MARSABIT
BUTSOTSO CENTRAL,LURAMBI,KAKAMEGA
BUTSOTSO EAST,LURAMBI,KAKAMEGA
BUTSOTSO SOUTH,LURAMBI,KAKAMEGA
BWAKE/LUUYA,KABUCHAI,BUNGOMA
BWIRI,FUNYULA,BUSIA
CALIFORNIA,KAMUKUNJI,NAIROBI
CENTRAL,KARACHUONYO,HOMA BAY
CENTRAL,MWINGI CENTRAL,KITUI
CENTRAL,NDARAGWA,NYANDARUA
CENTRAL  WARD,RUNYENJES,EMBU
CENTRAL ALEGO,ALEGO USONGA,SIAYA
CENTRAL BUNYORE,EMUHAYA,VIHIGA
CENTRAL GEM,GEM,SIAYA
CENTRAL KAMAGAMBO,RONGO,MIGORI
CENTRAL KANYAMKAGO,URIRI,MIGORI
CENTRAL KASIPUL,KASIPUL,HOMA BAY
CENTRAL KISUMU,KISUMU WEST,KISUMU
CENTRAL MARAGOLI,VIHIGA,VIHIGA
CENTRAL NYAKACH,NYAKACH,KISUMU
CENTRAL SAKWA,AWENDO,MIGORI
CENTRAL SAKWA,BONDO,SIAYA
CENTRAL SEME,SEME,KISUMU
CHAANI,CHANGAMWE,MOMBASA
CHAIK,BELGUT,KERICHO
CHAKOL NORTH,TESO SOUTH,BUSIA
CHAKOL SOUTH,TESO SOUTH,BUSIA
CHALA,TAVETA,TAITA TAVETA
CHANGAMWE,CHANGAMWE,MOMBASA
CHANIA,GATUNDU NORTH,KIAMBU
CHARAGITA,OL JOROK,NYANDARUA
CHARI,ISIOLO NORTH,ISIOLO
CHASIMBA,KILIFI SOUTH,KILIFI
CHAVAKALI,SABATIA,VIHIGA
CHAWIA,MWATATE,TAITA TAVETA
CHEBOIN,BURETI,KERICHO
CHEBUNYO,CHEPALUNGU,BOMET
CHEKALINI,LUGARI,KAKAMEGA
CHEMAGEL,SOTIK,BOMET
CHEMANER,BOMET EAST,BOMET
CHEMELIL,MUHORONI,KISUMU
CHEMELIL/CHEMASE,TINDERET,NANDI
CHEMOSOT,BURETI,KERICHO
CHEMUCHE,MALAVA,KAKAMEGA
CHEMUNDU/KAPNG'ETUNY,CHESUMEI,NANDI
CHENGONI/SAMBURU,KINANGO,KWALE
CHEPARERIA,POKOT SOUTH,WEST POKOT
CHEPCHABAS,KONOIN,KONOIN
CHEPCHOINA,ENDEBESS,TRANS NZOIA
CHEPKORIO,KEIYO SOUTH,ELGEYO-MARAKWET
CHEPKUMIA,EMGWEN,NANDI
CHEPKUNYUK,NANDI HILLS,NANDI
CHEPLANGET,BURETI,KERICHO
CHEPSEON,KIPKELION EAST,KERICHO
CHEPSIRO/KIPTOROR,CHERANGANY,TRANS NZOIA
CHEPTAIS,MT. ELGON,BUNGOMA
CHEPTERWAI,MOSOP,NANDI
CHEPTIRET/KIPCHAMO,KESSES,UASIN GISHU
CHEPTORORIET/SERETUT,BELGUT,KERICHO
CHEPYUK,MT. ELGON,BUNGOMA
CHERAB,ISIOLO NORTH,ISIOLO
CHERANG'ANY/CHEBORORWA,MARAKWET WEST,ELGEYO-MARAKWET
CHERANGANY/SUWERWA,CHERANGANY,TRANS NZOIA
CHESIKAKI,MT. ELGON,BUNGOMA
CHESOEN,BOMET CENTRAL,BOMET
CHEVAYWA,LUGARI,TRANS NZOIA
CHEWANI,GALOLE,TANA RIVER
CHEWELE,BURA,TANA RIVER
CHIAKARIGA,THARAKA,THARAKA-NITHI
CHILCHILA,KIPKELION WEST,KERICHO
CHINGA,OTHAYA,NYERI
CHOGORIA,MAARA,THARAKA-NITHI
CHULUNI,KITUI EAST,KITUI
CHURO/AMAYA,TIATY,BARINGO
CIANDA,KIAMBAA,KIAMBU
CLAY CITY,KASARANI,NAIROBI
DABASO,KILIFI NORTH,KILIFI
DADAAB,DAADAB,GARISSA
DADAJA BULLA,WAJIR SOUTH,WAJIR
DALALEKUTUK,KAJIADO CENTRAL,KAJIADO
DAMAJALE,DAADAB,GARISSA
DANABA,WAJIR NORTH,WAJIR
DANDORA AREA I,EMBAKASI NORTH,NAIROBI
DANDORA AREA II,EMBAKASI NORTH,NAIROBI
DANDORA AREA III,EMBAKASI NORTH,NAIROBI
DANDORA AREA IV,EMBAKASI NORTH,NAIROBI
DANDU,MANDERA WEST,MANDERA
DANYERE,BALAMBALA,GARISSA
DEDAN KIMANTHI,TETU,NYERI
DEKAHARIA,FAFI,GARISSA
DELLA,ELDAS,WAJIR
DERKHALE,BANISSA,MANDERA
DERTU,DAADAB,GARISSA
DIIF,WAJIR SOUTH,WAJIR
DUKANA,NORTH HORR,MARSABIT
DUNDORI,BAHATI,NAKURU
DZOMBO,LUNGALUNGA,KWALE
EAST ASEMBO,RARIEDA,SIAYA
EAST GEM,RANGWE,HOMA BAY
EAST GEM,GEM,SIAYA
EAST KABRAS,MALAVA,KAKAMEGA
EAST KAMAGAK,KASIPUL,HOMA BAY
EAST KAMAGAMBO,RONGO,MIGORI
EAST KANO/WAWIDHI,NYANDO,KISUMU
EAST KANYAMKAGO,URIRI,MIGORI
EAST SANG'ALO,KANDUYI,BUNGOMA
EAST SEME,SEME,KISUMU
EAST UGENYA,UGENYA,SIAYA
EAST WANGA,MUMIAS EAST,KAKAMEGA
EASTLEIGH NORTH,KAMUKUNJI,NAIROBI
EASTLEIGH SOUTH,KAMUKUNJI,NAIROBI
EKALAKALA,MASINGA,MACHAKOS
EKERENYO,NORTH MUGIRANGO,NYAMIRA
EL-BARTA,SAMBURU NORTH,SAMBURU
ELBEN,TARBAJ,WAJIR
ELBURGON,MOLO,NAKURU
ELDAS,ELDAS,WAJIR
ELEMENTAITA,GILGIL,NAKURU
ELGON,MT. ELGON,BUNGOMA
ELNUR/TULA TULA,ELDAS,WAJIR
ELUGULU,BUTULA,BUSIA
ELWAK SOUTH,MANDERA SOUTH,MANDERA
EMABUNGO,LUANDA,VIHIGA
EMALI/MULALA,KIBWEZI WEST,MAKUENI
EMBAKASI,EMBAKASI EAST,NAIROBI
EMBOMOS,KONOIN,KONOIN
EMINING,MOGOTIO,BARINGO
EMSOO,KEIYO NORTH,ELGEYO-MARAKWET
ENDAU/MALALANI,KITUI EAST,KITUI
ENDEBESS,ENDEBESS,TRANS NZOIA
ENDO,MARAKWET EAST,ELGEYO-MARAKWET
ENDUGH,KAPENGURIA,WEST POKOT
ENGINEER,KINANGOP,NYANDARUA
ENTONET/LENKISIM,KAJIADO SOUTH,KAJIADO
ESISE,BORABU,NYAMIRA
ETENJE,MUMIAS WEST,KAKAMEGA
EVURORE,MBEERE NORTH,EMBU
EWALEL/CHAPCHAP,BARINGO CENTRAL,BARINGO
EWUASO OoNKIDONG'I,KAJIADO WEST,KAJIADO
FAFI,FAFI,GARISSA
FAZA,LAMU EAST,LAMU
FINO,MANDERA EAST,MANDERA
FLAMINGO,NAKURU TOWN EAST,NAKURU
FRERE TOWN,NYALI,MOMBASA
GACHUBA,KITUTU MASABA,NYAMIRA
GAICHANJIRU,KANDARA,MURANG'A
GAKAWA,KIENI,NYERI
GALBET,GARISSA TOWNSHIP,GARISSA
GANDA,MALINDI,KILIFI
GANGA,MAARA,THARAKA-NITHI
GANYURE/WAGALLA,WAJIR WEST,WAJIR
GANZE,GANZE,KILIFI
GARASHI,MAGARINI,KILIFI
GARBATULLA,ISIOLO SOUTH,ISIOLO
GARSEN CENTRAL,GARSEN,TANA RIVER
GARSEN NORTH,GARSEN,TANA RIVER
GARSEN SOUTH,GARSEN,TANA RIVER
GARSEN WEST,GARSEN,TANA RIVER
GATANGA,GATANGA,MURANG'A
GATARAKWA,KIENI,NYERI
GATHANJI,OL JOROK,NYANDARUA
GATHARA,KINANGOP,NYANDARUA
GATHIGIRIRI,MWEA,KIRINYAGA
GATIMU,OL JOROK,NYANDARUA
GATINA,DAGORETTI NORTH,NAIROBI
GATITU/MURUGURU,NYERI TOWN,NYERI
GATUANYAGA,THIKA TOWN,KIAMBU
GATUNGA,THARAKA,THARAKA-NITHI
GATURI,KIHARU,MURANG'A
GATURI NORTH,MANYATTA,EMBU
GATURI SOUTH,MANYATTA,EMBU
GEMBE,MBITA,HOMA BAY
GESIMA,KITUTU MASABA,NYAMIRA
GESUSU,NYARIBARI MASABA,KISII
GETA,KIPIPIRI,NYANDARUA
GETENGA,SOUTH MUGIRANGO,KISII
GIKONDI,MUKURWEINI,NYERI
GILGIL,GILGIL,NAKURU
GISAMBAI,HAMISI,VIHIGA
GITARU,KABETE,KIAMBU
GITHABAI,KINANGOP,NYANDARUA
GITHER,MANDERA WEST,MANDERA
GITHIGA,GITHUNGURI,KIAMBU
GITHIGA,LAIKIPIA WEST,LAIKIPIA
GITHIORO,KIPIPIRI,NYANDARUA
GITHOBOKONI,GATUNDU NORTH,KIAMBU
GITHUNGURI,GITHUNGURI,KIAMBU
GITHURAI,ROYSAMBU,NAIROBI
GITOTHUA,RUIRU,KIAMBU
GITUAMBA,GATUNDU NORTH,KIAMBU
GITUGI,MATHIOYA,MURANG'A
GOD JOPE,SUNA EAST,MIGORI
GODOMA,WAJIR NORTH,WAJIR
GOKEHARAKA/GETAMBWEGA,KURIA EAST,MIGORI
GOLBO,MOYALE,MARSABIT
GOMBATO BONGWE,MSAMBWENI,KWALE
GONGONI,MAGARINI,KILIFI
GOREALE,LAGDERA,GARISSA
GOT KACHOLA,NYATIKE,MIGORI
GUBA,BANISSA,MANDERA
GURAR,WAJIR NORTH,WAJIR
GUTICHA,MANDERA NORTH,MANDERA
GWASSI NORTH,SUBA,HOMA BAY
GWASSI SOUTH,SUBA,HOMA BAY
HABASSWEIN,WAJIR SOUTH,WAJIR
HADADO/ATHIBOHOL,WAJIR WEST,WAJIR
HARAMBEE,MAKADARA,NAIROBI
HEILLU/MANYATTA,MOYALE,MARSABIT
HELLS GATE,NAIVASHA,NAKURU
HINDI,LAMU WEST,LAMU
HIRIMANI,BURA,TANA RIVER
HOMA BAY ARUJO,HOMA BAY TOWN,HOMA BAY
HOMA BAY CENTRAL,HOMA BAY TOWN,HOMA BAY
HOMA BAY EAST,HOMA BAY TOWN,HOMA BAY
HOMA BAY WEST,HOMA BAY TOWN,HOMA BAY
HONGWE,LAMU WEST,LAMU
HOSPITAL,THIKA TOWN,KIAMBU
HOSPITAL,MATHARE,NAIROBI
HOSPITAL,KIMININI,TRANS NZOIA
HULUGHO,IJARA,GARISSA
HURUMA,MATHARE,NAIROBI
HURUMA,TURBO,UASIN GISHU
IBENO,NYARIBARI CHACHE,KISII
IBRAHIM URE,WAJIR SOUTH,WAJIR
ICHAGAKI,MARAGWA,MURANG'A
ICHUNI,NYARIBARI MASABA,KISII
IDAKHO CENTRAL,IKOLOMANI,KAKAMEGA
IDAKHO EAST,IKOLOMANI,KAKAMEGA
IDAKHO NORTH,IKOLOMANI,KAKAMEGA
IDAKHO SOUTH,IKOLOMANI,KAKAMEGA
IFTIN,GARISSA TOWNSHIP,GARISSA
IGAMBANG'OMBE,CHUKA/IGAMBANG'OMBE,THARAKA-NITHI
IGEMBE EAST,IGEMBE CENTRAL,MERU
IGOJI EAST,SOUTH IMENTI,MERU
IGOJI WEST,SOUTH IMENTI,MERU
IGWAMITI,LAIKIPIA WEST,LAIKIPIA
IJARA,IJARA,GARISSA
IKANGA/KYATUNE,KITUI SOUTH,KITUI
IKINU,GITHUNGURI,KIAMBU
IKOMBE,YATTA,MACHAKOS
IKUTHA,KITUI SOUTH,KITUI
ILCHAMUS,BARINGO SOUTH,BARINGO
ILDAMAT,KAJIADO CENTRAL,KAJIADO
ILDAMAT,NAROK SOUTH,NAROK
ILIMA,KAITI,MAKUENI
ILKERIN,EMURUA DIKIRR,NAROK
ILLERET,NORTH HORR,MARSABIT
ILMOTIOK,NAROK WEST,NAROK
ILOODOKILANI,KAJIADO WEST,KAJIADO
IMARA DAIMA,EMBAKASI SOUTH,NAIROBI
IMARORO,KAJIADO EAST,KAJIADO
INGOSTSE-MATHIA,NAVAKHOLO,KAKAMEGA
INOI,KIRINYAGA CENTRAL,KIRINYAGA
IRIAINI,MATHIRA,NYERI
IRIA-INI,OTHAYA,NYERI
ISIBANIA,KURIA WEST,MIGORI
ISUKHA CENTRAL,SHINYALU,KAKAMEGA
ISUKHA EAST,SHINYALU,KAKAMEGA
ISUKHA NORTH,SHINYALU,KAKAMEGA
ISUKHA SOUTH,SHINYALU,KAKAMEGA
ISUKHA WEST,SHINYALU,KAKAMEGA
ITHANGA,GATANGA,MURANG'A
ITHIRU,KANDARA,MURANG'A
ITIBO,NORTH MUGIRANGO,NYAMIRA
IVINGONI/NZAMBANI,KIBWEZI EAST,MAKUENI
JARA JARA,BALAMBALA,GARISSA
JARAJILA,FAFI,GARISSA
JARIBUNI,GANZE,KILIFI
JEPKOYAI,HAMISI,VIHIGA
JILORE,MALINDI,KILIFI
JOMVU KUU,JOMVU,MOMBASA
JUJA,JUJA,KIAMBU
JUNDA,KISAUNI,MOMBASA
JUNJU,KILIFI SOUTH,KILIFI
KAALENG/KAIKOR,TURKANA NORTH,TURKANA
KABARE,GICHUGU,KIRINYAGA
KABARNET,BARINGO CENTRAL,BARINGO
KABARTONJO,BARINGO NORTH,BARINGO
KABARU,KIENI,NYERI
KABATINI,BAHATI,NAKURU
KABAZI,SUBUKIA,NAKURU
KABETE,KABETE,KIAMBU
KABIANGA,BELGUT,KERICHO
KABIEMIT,KEIYO SOUTH,ELGEYO-MARAKWET
KABIRO,DAGORETTI SOUTH,NAIROBI
KABISAGA,MOSOP,NANDI
KABIYET,MOSOP,NANDI
KABONDO EAST,KABONDO KASIPUL,HOMA BAY
KABONDO WEST,KABONDO KASIPUL,HOMA BAY
KABONYO/KANYAGWAL,NYANDO,KISUMU
KABUCHAI/CHWELE,KABUCHAI,BUNGOMA
KABULA,BUMULA,BUNGOMA
KABUOCH NORTH,NDHIWA,HOMA BAY
KABUOCH SOUTH/PALA,NDHIWA,HOMA BAY
KABWARENG,ALDAI,NANDI
KACHIEN'G,NYATIKE,MIGORI
KADZANDANI,NYALI,MOMBASA
KAERIS,TURKANA NORTH,TURKANA
KAGAARI NORTH,RUNYENJES,EMBU
KAGAARI SOUTH,RUNYENJES,EMBU
KAGAN,RANGWE,HOMA BAY
KAGUNDU-INI,KANDARA,MURANG'A
KAHAWA,ROYSAMBU,NAIROBI
KAHAWA WEST,ROYSAMBU,NAIROBI
KAHUMBU,KIGUMO,MURANG'A
KAIMBAGA,OL KALOU,NYANDARUA
KAJULU,KISUMU EAST,KISUMU
KAKRAO,SUNA EAST,MIGORI
KAKSINGRI WEST,SUBA,HOMA BAY
KAKUMA,TURKANA WEST,TURKANA
KAKUYUNI,MALINDI,KILIFI
KAKUZI/MITUBIRI,GATANGA,MURANG'A
KALAMA,MACHAKOS TOWN,MACHAKOS
KALAPATA,TURKANA SOUTH,TURKANA
KALAWA,MBOONI,MAKUENI
KALER,NYATIKE,MIGORI
KALIMONI,JUJA,KIAMBU
KALOBEYEI,TURKANA WEST,TURKANA
KALOKOL,TURKANA CENTRAL,TURKANA
KALOLENI,KALOLENI,KILIFI
KALOLENI,VOI,TAITA TAVETA
KAMACHARIA,MATHIOYA,MURANG'A
KAMAGUT,TURBO,UASIN GISHU
KAMAHUHA,MARAGWA,MURANG'A
KAMAKWA/MUKARO,NYERI TOWN,NYERI
KAMARA,KURESOI NORTH,NAKURU
KAMARINY,KEIYO NORTH,ELGEYO-MARAKWET
KAMASIAN,KIPKELION WEST,KERICHO
KAMBE/RIBE,RABAI,KILIFI
KAMBITI,MARAGWA,MURANG'A
KAMBURU,LARI,KIAMBU
KAMENU,THIKA TOWN,KIAMBU
KAMUKUYWA,KIMILILI,BUNGOMA
KANAMKEMER,TURKANA CENTRAL,TURKANA
KANGAI,MWEA,KIRINYAGA
KANGARI,KIGUMO,MURANG'A
KANG'ATOTHA,TURKANA CENTRAL,TURKANA
KANGEMI,WESTLANDS,NAIROBI
KANGETA,IGEMBE CENTRAL,MERU
KANGUNDO CENTRAL,KANGUNDO,MACHAKOS
KANGUNDO EAST,KANGUNDO,MACHAKOS
KANGUNDO NORTH,KANGUNDO,MACHAKOS
KANGUNDO WEST,KANGUNDO,MACHAKOS
KANJUIRI RANGE,OL KALOU,NYANDARUA
KANUNI,IGEMBE SOUTH,MERU
KANYADOTO,NDHIWA,HOMA BAY
KANYALUO,KARACHUONYO,HOMA BAY
KANYAMWA KOLOGI,NDHIWA,HOMA BAY
KANYAMWA KOSEWE,NDHIWA,HOMA BAY
KANYANGI,KITUI RURAL,KITUI
KANYASA,NYATIKE,MIGORI
KANYEKINI,KIRINYAGA CENTRAL,KIRINYAGA
KANYENYA-INI,KANGEMA,MURANG'A
KANYIKELA,NDHIWA,HOMA BAY
KANZIKO,KITUI SOUTH,KITUI
KAPCHEMUTWA,KEIYO NORTH,ELGEYO-MARAKWET
KAPCHOK,KACHELIBA,WEST POKOT
KAPCHORUA,NANDI HILLS,NANDI
KAPEDO/NAPEITOM,TURKANA EAST,TURKANA
KAPENGURIA,KAPENGURIA,WEST POKOT
KAPKANGANI,EMGWEN,NANDI
KAPKATENY,MT. ELGON,BUNGOMA
KAPKATET,BURETI,KERICHO
KAPKUGERWET,AINAMOI,KERICHO
KAPKURES,NAKURU TOWN WEST,NAKURU
KAPKURES,SOY,UASIN GISHU
KAPLAMAI,CHERANGANY,TRANS NZOIA
KAPLELARTET,SIGOWET/SOIN,KERICHO
KAPLETUNDO,SOTIK,BOMET
KAPOMBOI,KWANZA,TRANS NZOIA
KAPROPITA,BARINGO CENTRAL,BARINGO
KAPSABET,EMGWEN,NANDI
KAPSAOS,AINAMOI,KERICHO
KAPSAOS,TURBO,UASIN GISHU
KAPSASIAN,EMURUA DIKIRR,NAROK
KAPSIMOTWO,TINDERET,NANDI
KAPSOIT,AINAMOI,KERICHO
KAPSOWAR,MARAKWET WEST,ELGEYO-MARAKWET
KAPSOYA,AINABKOI,UASIN GISHU
KAPSUSER,BELGUT,KERICHO
KAPTAGAT,AINABKOI,UASIN GISHU
KAPTAMA,MT. ELGON,BUNGOMA
KAPTARAKWA,KEIYO SOUTH,ELGEYO-MARAKWET
KAPTEL/KAMOIYWO,CHESUMEI,NANDI
KAPTEMBWO,NAKURU TOWN WEST,NAKURU
KAPTUMO-KABOI,ALDAI,NANDI
KAPUTIEI NORTH,KAJIADO EAST,KAJIADO
KAPUTIR,TURKANA SOUTH,TURKANA
KAPYEGO,MARAKWET EAST,ELGEYO-MARAKWET
KARAI,KIKUYU,KIAMBU
KARAMA,TIGANIA EAST,MERU
KARARE,SAKU,MARSABIT
KARATINA TOWN,MATHIRA,NYERI
KARAU,OL KALOU,NYANDARUA
KAREN,LANGATA,NAIROBI
KARGI/SOUTH HORR,LAISAMIS,MARSABIT
KARIARA,GATANGA,MURANG'A
KARIMA,OTHAYA,NYERI
KARINGANI,CHUKA/IGAMBANG'OMBE,THARAKA-NITHI
KARIOBANGI NORTH,EMBAKASI NORTH,NAIROBI
KARIOBANGI SOUTH,EMBAKASI WEST,NAIROBI
KARITI,NDIA,KIRINYAGA
KARUMANDI,GICHUGU,KIRINYAGA
KARUNA/MEIBEKI,MOIBEN,UASIN GISHU
KARURA,WESTLANDS,NAIROBI
KARURI,KIAMBAA,KIAMBU
KASARANI,KASARANI,NAIROBI
KASEI,KACHELIBA,WEST POKOT
KASGUNGA,MBITA,HOMA BAY
KASIGAU,VOI,TAITA TAVETA
KASIKEU,KILOME,MAKUENI
KATANGI,YATTA,MACHAKOS
KATHIANI CENTRAL,KATHIANI,MACHAKOS
KATHONZWENI,MAKUENI,MAKUENI
KATILIA,TURKANA EAST,TURKANA
KATILU,TURKANA SOUTH,TURKANA
KAUWI,KITUI WEST,KITUI
KAWANGWARE,DAGORETTI SOUTH,NAIROBI
KAYAFUNGO,KALOLENI,KILIFI
KAYOLE CENTRAL,EMBAKASI CENTRAL,NAIROBI
KAYOLE NORTH,EMBAKASI CENTRAL,NAIROBI
KAYOLE SOUTH,EMBAKASI CENTRAL,NAIROBI
KEDOWA/KIMUGUL,KIPKELION EAST,KERICHO
KEE,KAITI,MAKUENI
KEEKONYOKIE,KAJIADO WEST,KAJIADO
KEEKONYOKIE,NAROK EAST,NAROK
KEGOGI,KITUTU CHACHE NORTH,KISII
KEIYO,KWANZA,TRANS NZOIA
KEMBU,BOMET EAST,BOMET
KEMELOI-MARABA,ALDAI,NANDI
KEMERA,KITUTU MASABA,NYAMIRA
KENDU BAY TOWN,KARACHUONYO,HOMA BAY
KENYAWA-POKA,KAJIADO EAST,KAJIADO
KERINGET,KURESOI SOUTH,NAKURU
KERIO DELTA,TURKANA CENTRAL,TURKANA
KERUGOYA,KIRINYAGA CENTRAL,KIRINYAGA
KEUMBU,NYARIBARI CHACHE,KISII
KEYIAN,KILGORIS,NAROK
KHALABA,KANDUYI,BUNGOMA
KHALABA,MATUNGU,KAKAMEGA
KHALALIO,MANDERA EAST,MANDERA
KHASOKO,BUMULA,BUNGOMA
KHOLERA,MATUNGU,KAKAMEGA
KHOROF/HARAR,WAJIR EAST,WAJIR
KIABONYORU,BORABU,NYAMIRA
KIAGU,BUURI,MERU
KIAMAIKO,MATHARE,NAIROBI
KIAMAINA,BAHATI,NAKURU
KIAMBERE,MBEERE SOUTH,EMBU
KIAMOKAMA,NYARIBARI MASABA,KISII
KIAMWANGI,GATUNDU SOUTH,KIAMBU
KIANJAI,TIGANIA WEST,MERU
KIBARANI,KILIFI NORTH,KILIFI
KIBAUNI,MWALA,MACHAKOS
KIBINGEI,KIMILILI,BUNGOMA
KIBIRI,KARACHUONYO,HOMA BAY
KIBIRICHIA,BUURI,MERU
KIBISH,TURKANA NORTH,TURKANA
KIEGOI/ANTUBOCHIU,IGEMBE SOUTH,MERU
KIGANJO,GATUNDU SOUTH,KIAMBU
KIGANJO/MATHARI,NYERI TOWN,NYERI
KIGUCHWA,TIGANIA EAST,MERU
KIGUMO,KIGUMO,MURANG'A
KIHARA,KIAMBAA,KIAMBU
KIHINGO,NJORO,NAKURU
KIHUMBU-INI,GATANGA,MURANG'A
KIIMA KIU/KALANZONI,KILOME,MAKUENI
KIINE,NDIA,KIRINYAGA
KIIRUA/NAARI,BUURI,MERU
KIJABE,LARI,KIAMBU
KIKUMBULYU NORTH,KIBWEZI WEST,MAKUENI
KIKUMBULYU SOUTH,KIBWEZI WEST,MAKUENI
KIKUYU,KIKUYU,KIAMBU
KILELESHWA,DAGORETTI NORTH,NAIROBI
KILGORIS CENTRAL,KILGORIS,NAROK
KILIBWONI,EMGWEN,NANDI
KILIMANI,DAGORETTI NORTH,NAIROBI
KILIWEHIRI,BANISSA,MANDERA
KILUNGU,KAITI,MAKUENI
KIMAETI,BUMULA,BUNGOMA
KIMANA,KAJIADO SOUTH,KAJIADO
KIMILILI,KIMILILI,BUNGOMA
KIMININI,KIMININI,TRANS NZOIA
KIMINTET,KILGORIS,NAROK
KIMORORI/WEMPA,MARAGWA,MURANG'A
KIMULOT,KONOIN,KONOIN
KIMUMU,MOIBEN,UASIN GISHU
KINAKOMBA,GALOLE,TANA RIVER
KINALE,LARI,KIAMBU
KINANGO,KINANGO,KWALE
KINANIE,MAVOKO,MACHAKOS
KINGANDOLE,BUTULA,BUSIA
KINNA,ISIOLO SOUTH,ISIOLO
KINONDO,MSAMBWENI,KWALE
KINOO,KIKUYU,KIAMBU
KINYONA,KIGUMO,MURANG'A
KINYORO,SABOTI,TRANS NZOIA
KIOGORO,NYARIBARI CHACHE,KISII
KIOMO/KYETHANI,MWINGI CENTRAL,KITUI
KIPCHEBOR,AINAMOI,KERICHO
KIPCHIMCHIM,AINAMOI,KERICHO
KIPEVU,CHANGAMWE,MOMBASA
KIPINI EAST,GARSEN,TANA RIVER
KIPINI WEST,GARSEN,TANA RIVER
KIPIPIRI,KIPIPIRI,NYANDARUA
KIPKAREN,MOSOP,NANDI
KIPKELION,KIPKELION WEST,KERICHO
KIPKENYO,KAPSERET,UASIN GISHU
KIPLOMBE,TURBO,UASIN GISHU
KIPRERES,BOMET EAST,BOMET
KIPSOMBA,SOY,UASIN GISHU
KIPSONOI,SOTIK,BOMET
KIPTAGICH,KURESOI SOUTH,NAKURU
KIPTORORO,KURESOI NORTH,NAKURU
KIPTUYA,CHESUMEI,NANDI
KIRIITA,NDARAGWA,NYANDARUA
KIRIMARI,MANYATTA,EMBU
KIRIMUKUYU,MATHIRA,NYERI
KIRU,MATHIOYA,MURANG'A
KISA CENTRAL,KHWISERO,KAKAMEGA
KISA EAST,KHWISERO,KAKAMEGA
KISA NORTH,KHWISERO,KAKAMEGA
KISA WEST,KHWISERO,KAKAMEGA
KISANANA,MOGOTIO,BARINGO
KISASI,KITUI RURAL,KITUI
KISIARA,BURETI,KERICHO
KISII CENTRAL,NYARIBARI CHACHE,KISII
KISIMA,BUURI,MERU
KISUMU NORTH,KISUMU WEST,KISUMU
KITENGELA,KAJIADO EAST,KAJIADO
KITETA/KISAU,MBOONI,MAKUENI
KITHIMANI,YATTA,MACHAKOS
KITHIMU,MANYATTA,EMBU
KITHUNGO/KITUNDU,MBOONI,MAKUENI
KITISE/KITHUKI,MAKUENI,MAKUENI
KITISURU,WESTLANDS,NAIROBI
KITUTU   CENTRAL,KITUTU CHACHE SOUTH,KISII
KIUNGA,LAMU EAST,LAMU
KIUU,RUIRU,KIAMBU
KIVAA,MASINGA,MACHAKOS
KIVOU,MWINGI CENTRAL,KITUI
KIVUMBINI,NAKURU TOWN EAST,NAKURU
KIWAWA,KACHELIBA,WEST POKOT
KOBUJOI,ALDAI,NANDI
KOBURA,NYANDO,KISUMU
KOCHIA,RANGWE,HOMA BAY
KODICH,KACHELIBA,WEST POKOT
KOIBATEK,ELDAMA RAVINE,BARINGO
KOJWACH,KABONDO KASIPUL,HOMA BAY
KOKWANYO/KAKELO,KABONDO KASIPUL,HOMA BAY
KOLA,MACHAKOS TOWN,MACHAKOS
KOLOWA,TIATY,BARINGO
KOLWA CENTRAL,KISUMU EAST,KISUMU
KOLWA EAST,KISUMU EAST,KISUMU
KOMAROCK,EMBAKASI CENTRAL,NAIROBI
KOMOTHAI,GITHUNGURI,KIAMBU
KONDELE,KISUMU CENTRAL,KISUMU
KONG'ASIS,CHEPALUNGU,BOMET
KONGONI,LIKUYANI,KAKAMEGA
KONGOWEA,NYALI,MOMBASA
KONYU,MATHIRA,NYERI
KOROGOCHO,RUARAKA,NAIROBI
KORONDILE,WAJIR NORTH,WAJIR
KORR/NGURUNIT,LAISAMIS,MARSABIT
KOSIRAI,CHESUMEI,NANDI
KOTARUK/LOBEI,LOIMA,TURKANA
KOYO-NDURIO,ALDAI,NANDI
KOYONZO,MATUNGU,KAKAMEGA
KUBO SOUTH,MATUGA,KWALE
KUINET/KAPSUSWA,SOY,UASIN GISHU
KUKU,KAJIADO SOUTH,KAJIADO
KUNYAK,KIPKELION WEST,KERICHO
KURGUNG/SURUNGAI,MOSOP,NANDI
KUTULO,MANDERA SOUTH,MANDERA
KWA,SUNA EAST,MIGORI
KWA MUTONGA/KITHUMULA,KITUI WEST,KITUI
KWA NJENGA,EMBAKASI SOUTH,NAIROBI
KWA REUBEN,EMBAKASI SOUTH,NAIROBI
KWABWAI,NDHIWA,HOMA BAY
KWANZA,KWANZA,TRANS NZOIA
KWARE,EMBAKASI SOUTH,NAIROBI
KWAVONZA/YATTA,KITUI RURAL,KITUI
KYANGWITHYA EAST,KITUI CENTRAL,KITUI
KYANGWITHYA WEST,KITUI CENTRAL,KITUI
KYELENI,MATUNGULU,MACHAKOS
KYENI NORTH,RUNYENJES,EMBU
KYENI SOUTH,RUNYENJES,EMBU
KYOME/THAANA,MWINGI WEST,KITUI
KYUSO,MWINGI NORTH,KITUI
LABASIGALE,DAADAB,GARISSA
LAFEY,LAFEY,MANDERA
LAGBOGHOL SOUTH,WAJIR SOUTH,WAJIR
LAGSURE,MANDERA WEST,MANDERA
LAINI SABA,KIBRA,NAIROBI
LAISAMIS,LAISAMIS,MARSABIT
LAKE VIEW,NAIVASHA,NAKURU
LAKE ZONE,TURKANA NORTH,TURKANA
LAKOLEY SOUTH/BASIR,ELDAS,WAJIR
LAMBWE,MBITA,HOMA BAY
LANDIMAWE,STAREHE,NAIROBI
LANET/UMOJA,BAHATI,NAKURU
LANGAS,KAPSERET,UASIN GISHU
LAPUR,TURKANA NORTH,TURKANA
LARE,NJORO,NAKURU
LARI/KIRENGA,LARI,KIAMBU
LELAN,POKOT SOUTH,WEST POKOT
LELMOKWO/NGECHEK,CHESUMEI,NANDI
LEMBUS,ELDAMA RAVINE,BARINGO
LEMBUS KWEN,ELDAMA RAVINE,BARINGO
LEMBUS/PERKERRA,ELDAMA RAVINE,BARINGO
LESHAU/PONDO,NDARAGWA,NYANDARUA
LETEA,TURKANA WEST,TURKANA
LIBEHIA,LAFEY,MANDERA
LIBOI,DAADAB,GARISSA
LIKONI,LIKONI,MOMBASA
LIKUYANI,LIKUYANI,KAKAMEGA
LIMURU CENTRAL,LIMURU,KIAMBU
LIMURU EAST,LIMURU,KIAMBU
LINDI,KIBRA,NAIROBI
LITEIN,BURETI,KERICHO
LOBOKAT,TURKANA SOUTH,TURKANA
LODOKEJEK,SAMBURU WEST,SAMBURU
LODWAR TOWNSHIP,TURKANA CENTRAL,TURKANA
LOGO LOGO,LAISAMIS,MARSABIT
LOIMA,LOIMA,TURKANA
LOITA,NAROK SOUTH,NAROK
LOIYAMOROCK,TIATY,BARINGO
LOIYANGALANI,LAISAMIS,MARSABIT
LOKICHAR,TURKANA SOUTH,TURKANA
LOKICHOGGIO,TURKANA WEST,TURKANA
LOKIRIAMA/LORENGIPPI,LOIMA,TURKANA
LOKORI/KOCHODIN,KAPENGURIA,WEST POKOT
LOLGORIAN,KILGORIS,NAROK
LOMUT,SIGOR,WEST POKOT
LONDIANI,KIPKELION EAST,KERICHO
LONDON,NAKURU TOWN EAST,NAKURU
LONGISA,BOMET EAST,BOMET
LOOSUK,SAMBURU WEST,SAMBURU
LOPUR,TURKANA WEST,TURKANA
LOWER KAEWA/KAANI,KATHIANI,MACHAKOS
LOWER SAVANNAH,EMBAKASI EAST,NAIROBI
LUANDA SOUTH,LUANDA,VIHIGA
LUANDA TOWNSHIP,LUANDA,VIHIGA
LUCKY SUMMER,RUARAKA,NAIROBI
LUGAGA-WAMULUMA,VIHIGA,VIHIGA
LUGARI,LUGARI,KAKAMEGA
LUMAKANDA,LUGARI,KAKAMEGA
LUSHEYA/LUBINU,MUMIAS EAST,KAKAMEGA
LWANDANYI,SIRISIA,BUNGOMA
LWANDETI,LUGARI,KAKAMEGA
LYADUYWA/IZAVA,SABATIA,VIHIGA
MAALIMIN,LAGDERA,GARISSA
MABATINI,MATHARE,NAIROBI
MACALDER/KANYARWANDA,NYATIKE,MIGORI
MACHAKOS CENTRAL,MACHAKOS TOWN,MACHAKOS
MACHEWA,SABOTI,TRANS NZOIA
MACKINNON ROAD,KINANGO,KWALE
MADOGO,BURA,TANA RIVER
MAENI,KIMILILI,BUNGOMA
MAGADI,KAJIADO WEST,KAJIADO
MAGARINI,MAGARINI,KILIFI
MAGENCHE,BOMACHOGE BORABU,KISII
MAGOGONI,KISAUNI,MOMBASA
MAGOMBO,KITUTU MASABA,NYAMIRA
MAGUMONI,CHUKA/IGAMBANG'OMBE,THARAKA-NITHI
MAGUMU,KINANGOP,NYANDARUA
MAGUTU,MATHIRA,NYERI
MAGWAGWA,NORTH MUGIRANGO,NYAMIRA
MAHIAKALO,LURAMBI,KAKAMEGA
MAHIGA,OTHAYA,NYERI
MAHOO,TAVETA,TAITA TAVETA
MAI MAHIU,NAIVASHA,NAKURU
MAIELLA,NAIVASHA,NAKURU
MAIKONA,NORTH HORR,MARSABIT
MAJENGO,MVITA,MOMBASA
MAJIMOTO/NAROOSURA,NAROK SOUTH,NAROK
MAJOGE BASI,BOMACHOGE CHACHE,KISII
MAKERERO,KURIA WEST,MIGORI
MAKIMA,MBEERE SOUTH,EMBU
MAKINA,KIBRA,NAIROBI
MAKINDU,KIBWEZI WEST,MAKUENI
MAKONGENI,MAKADARA,NAIROBI
MAKUTANO,CHERANGANY,TRANS NZOIA
MAKUTANO/ MWALA,MWALA,MACHAKOS
MAKUYU,MARAGWA,MURANG'A
MALABA CENTRAL,TESO NORTH,BUSIA
MALABA NORTH,TESO NORTH,BUSIA
MALABA SOUTH,TESO NORTH,BUSIA
MALAHA/ISONGO/MAKUNGA,MUMIAS EAST,KAKAMEGA
MALAKISI/SOUTH KULISIRU,SIRISIA,BUNGOMA
MALEWA WEST,GILGIL,NAKURU
MALINDI TOWN,MALINDI,KILIFI
MALKAGUFU,WAJIR NORTH,WAJIR
MALKAMARI,BANISSA,MANDERA
MANDA-SHIVANGA,MALAVA,KAKAMEGA
MANGA,KITUTU MASABA,NYAMIRA
MANG'U,GATUNDU NORTH,KIAMBU
MANYATTA 'B',KISUMU EAST,KISUMU
MARA,NAROK WEST,NAROK
MARACHI CENTRAL,BUTULA,BUSIA
MARACHI EAST,BUTULA,BUSIA
MARACHI NORTH,BUTULA,BUSIA
MARACHI WEST,BUTULA,BUSIA
MARAFA,MAGARINI,KILIFI
MARAKA,WEBUYE EAST,BUNGOMA
MARAKARU/TUUTI,KANDUYI,BUNGOMA
MARALAL,SAMBURU WEST,SAMBURU
MARAMA CENTRAL,BUTERE,KAKAMEGA
MARAMA NORTH,BUTERE,KAKAMEGA
MARAMA SOUTH,BUTERE,KAKAMEGA
MARAMA WEST,BUTERE,KAKAMEGA
MARANI,KITUTU CHACHE NORTH,KISII
MARENYO - SHIANDA,BUTERE,KAKAMEGA
MARIAKANI,KALOLENI,KILIFI
MARIANI,CHUKA/IGAMBANG'OMBE,THARAKA-NITHI
MARIASHONI,MOLO,NAKURU
MARIGAT,BARINGO SOUTH,BARINGO
MARIMANTI,THARAKA,THARAKA-NITHI
MARINGO/HAMZA,MAKADARA,NAIROBI
MARKET MILIMANI,KISUMU CENTRAL,KISUMU
MARMANET,LAIKIPIA WEST,LAIKIPIA
MARSABIT CENTRAL,SAKU,MARSABIT
MARUNGU,VOI,TAITA TAVETA
MASABA,KURIA WEST,MIGORI
MASALANI,IJARA,GARISSA
MASIGE EAST,BOBASI,KISII
MASIGE WEST,BOBASI,KISII
MASII,MWALA,MACHAKOS
MASIMBA,NYARIBARI MASABA,KISII
MASINGA CENTRAL,MASINGA,MACHAKOS
MASOGO/NYANG'OMA,MUHORONI,KISUMU
MASONGALENI,KIBWEZI EAST,MAKUENI
MASOOL,SIGOR,WEST POKOT
MATA,TAVETA,TAITA TAVETA
MATAPATO NORTH,KAJIADO CENTRAL,KAJIADO
MATAPATO SOUTH,KAJIADO CENTRAL,KAJIADO
MATAYOS SOUTH,MATAYOS,BUSIA
MATHARE NORTH,RUARAKA,NAIROBI
MATINYANI,KITUI WEST,KITUI
MATISI,SABOTI,TRANS NZOIA
MATOPENI/SPRING VALLEY,EMBAKASI CENTRAL,NAIROBI
MATSANGONI,KILIFI NORTH,KILIFI
MATULO,WEBUTE WEST,BUNGOMA
MATUMBEI,ENDEBESS,TRANS NZOIA
MATUNGULU EAST,MATUNGULU,MACHAKOS
MATUNGULU NORTH,MATUNGULU,MACHAKOS
MATUNGULU WEST,MATUNGULU,MACHAKOS
MATUU,YATTA,MACHAKOS
MAU NAROK,NJORO,NAKURU
MAUA,IGEMBE SOUTH,MERU
MAUCHE,NJORO,NAKURU
MAUTUMA,LUGARI,KAKAMEGA
MAVINDINI,MAKUENI,MAKUENI
MAVURIA,MBEERE SOUTH,EMBU
MAYENJE,MATAYOS,BUSIA
MAYONI,MATUNGU,KAKAMEGA
MBAKALO,TONGAREN,BUNGOMA
MBARUK/EBURU,GILGIL,NAKURU
MBETI NORTH,MANYATTA,EMBU
MBETI SOUTH,MBEERE SOUTH,EMBU
MBEU,TIGANIA WEST,MERU
MBIRI,KIHARU,MURANG'A
MBIRIKANI/ESELENKEI,KAJIADO SOUTH,KAJIADO
MBITINI,KITUI RURAL,KITUI
MBITINI,MAKUENI,MAKUENI
MBIUNI,MWALA,MACHAKOS
MBOGHONI,TAVETA,TAITA TAVETA
MBOLOLO,VOI,TAITA TAVETA
MBOONI,MBOONI,MAKUENI
MEGUN,KAPSERET,UASIN GISHU
MEKENENE,BORABU,NYAMIRA
MELELO,NAROK SOUTH,NAROK
MELILI,NAROK NORTH,NAROK
MENENGAI,NAKURU TOWN EAST,NAKURU
MENENGAI WEST,RONGAI,NAKURU
MERIGI,BOMET EAST,BOMET
METKEI,KEIYO SOUTH,ELGEYO-MARAKWET
MFANGANO ISLAND,MBITA,HOMA BAY
MIAMBANI,KITUI CENTRAL,KITUI
MIGOSI,KISUMU CENTRAL,KISUMU
MIGWANI,MWINGI WEST,KITUI
MIHANGO,EMBAKASI EAST,NAIROBI
MIHUU,WEBUYE EAST,BUNGOMA
MIKINDANI,JOMVU,MOMBASA
MIKINDUNI,GALOLE,TANA RIVER
MIKINDURI,TIGANIA EAST,MERU
MILIMA,TONGAREN,BUNGOMA
MIRANGINE,OL KALOU,NYANDARUA
MIRITINI,JOMVU,MOMBASA
MISIKHU,WEBUTE WEST,BUNGOMA
MITABONI,KATHIANI,MACHAKOS
MITHERU,MAARA,THARAKA-NITHI
MITUNGUU,SOUTH IMENTI,MERU
MIWANI,MUHORONI,KISUMU
MJAMBERE,KISAUNI,MOMBASA
MJI WA KALE/MAKADARA,MVITA,MOMBASA
MKOMANI,LAMU WEST,LAMU
MKOMANI,NYALI,MOMBASA
MKONGANI,MATUGA,KWALE
MKUNUMBI,LAMU WEST,LAMU
MLANGO KUBWA,MATHARE,NAIROBI
MNAGEI,KAPENGURIA,WEST POKOT
MNARANI,KILIFI NORTH,KILIFI
MOCHONGOI,BARINGO SOUTH,BARINGO
MODOGASHE,LAGDERA,GARISSA
MOGOGOSIEK,KONOIN,KONOIN
MOGONDO,EMURUA DIKIRR,NAROK
MOGOTIO,MOGOTIO,BARINGO
MOIBEN,MOIBEN,UASIN GISHU
MOIBEN/KUSERWO,MARAKWET WEST,ELGEYO-MARAKWET
MOI'S BRIDGE,SOY,UASIN GISHU
MOLO,MOLO,NAKURU
MONYERERO,KITUTU CHACHE NORTH,KISII
MOROTHILE,MANDERA NORTH,MANDERA
MOSIRO,KAJIADO WEST,KAJIADO
MOSIRO,NAROK EAST,NAROK
MOSOP,RONGAI,NAKURU
MOTICHO,SOUTH MUGIRANGO,KISII
MOTOSIET,CHERANGANY,TRANS NZOIA
MOUNTAIN VIEW,WESTLANDS,NAIROBI
MOWLEM,EMBAKASI WEST,NAIROBI
MOYALE TOWNSHIP,MOYALE,MARSABIT
MTEPENI,KILIFI SOUTH,KILIFI
MTITO ANDEI,KIBWEZI EAST,MAKUENI
MTONGWE,LIKONI,MOMBASA
MTOPANGA,KISAUNI,MOMBASA
MUA,MACHAKOS TOWN,MACHAKOS
MUCHATHA,KIAMBAA,KIAMBU
MUGOGODO EAST,LAIKIPIA NORTH,LAIKIPIA
MUGOGODO WEST,LAIKIPIA NORTH,LAIKIPIA
MUGOIRI,KIHARU,MURANG'A
MUGUGA,KABETE,KIAMBU
MUGUMO-INI,GATANGA,MURANG'A
MUGUMU-INI,LANGATA,NAIROBI
MUGUNDA,KIENI,NYERI
MUGURU,KANGEMA,MURANG'A
MUGWE,CHUKA/IGAMBANG'OMBE,THARAKA-NITHI
MUHORONI/KORU,MUHORONI,KISUMU
MUHUDU,HAMISI,VIHIGA
MUHURU,NYATIKE,MIGORI
MUI,MWINGI CENTRAL,KITUI
MUKAA,KILOME,MAKUENI
MUKOTHIMA,THARAKA,THARAKA-NITHI
MUKURE,NDIA,KIRINYAGA
MUKURWE-INI CENTRAL,MUKURWEINI,NYERI
MUKURWE-INI WEST,MUKURWEINI,NYERI
MUKUTANI,BARINGO SOUTH,BARINGO
MUKUYUNI,KABUCHAI,BUNGOMA
MULANGO,KITUI RURAL,KITUI
MUMBERES/MAJI MAZURI,ELDAMA RAVINE,BARINGO
MUMBUNI NORTH,MACHAKOS TOWN,MACHAKOS
MUMIAS CENTRAL,MUMIAS WEST,KAKAMEGA
MUMIAS NORTH,MUMIAS WEST,KAKAMEGA
MUMINJI,MBEERE NORTH,EMBU
MUMONI,MWINGI NORTH,KITUI
MUNGOMA,VIHIGA,VIHIGA
MUNICIPALITY,NORTH IMENTI,MERU
MURARANDIA,KIHARU,MURANG'A
MURERA,JUJA,KIAMBU
MURHANDA,SHINYALU,KAKAMEGA
MURINDATI,GILGIL,NAKURU
MURINDUKO,MWEA,KIRINYAGA
MURUKA,KANDARA,MURANG'A
MURUNGARU,KINANGOP,NYANDARUA
MUSANDA,MUMIAS WEST,KAKAMEGA
MUSIKOMA,KANDUYI,BUNGOMA
MUTARAKWA,BOMET CENTRAL,BOMET
MUTHA,KITUI SOUTH,KITUI
MUTHAMBI,MAARA,THARAKA-NITHI
MUTHARA,TIGANIA EAST,MERU
MUTHESYA,MASINGA,MACHAKOS
MUTHETHENI,MWALA,MACHAKOS
MUTHITHI,KIGUMO,MURANG'A
MUTHWANI,MAVOKO,MACHAKOS
MUTIRA,KIRINYAGA CENTRAL,KIRINYAGA
MUTITHI,MWEA,KIRINYAGA
MUTITO/KALIKU,KITUI EAST,KITUI
MUTITUNI,MACHAKOS TOWN,MACHAKOS
MUTOMO,KITUI SOUTH,KITUI
MUTONGUNI,KITUI WEST,KITUI
MUTU-INI,DAGORETTI SOUTH,NAIROBI
MUVAU/KIKUUMINI,MAKUENI,MAKUENI
MUVUTI/KIIMA-KIMWE,MACHAKOS TOWN,MACHAKOS
MWAKIRUNGE,KISAUNI,MOMBASA
MWANAMWINGA,KALOLENI,KILIFI
MWANDA/MGANGE,WUNDANYI,TAITA TAVETA
MWANGANTHIA,CENTRAL IMENTI,MERU
MWARAKAYA,KILIFI SOUTH,KILIFI
MWATATE,MWATATE,TAITA TAVETA
MWAVUMBO,KINANGO,KWALE
MWAWESA,RABAI,KILIFI
MWEA,MBEERE SOUTH,EMBU
MWEIGA,KIENI,NYERI
MWERENI,LUNGALUNGA,KWALE
MWIBONA,LUANDA,VIHIGA
MWIKI,KASARANI,NAIROBI
MWIMBI,MAARA,THARAKA-NITHI
MWIYOGO/ENDARASHA,KIENI,NYERI
NAATHU,IGEMBE NORTH,MERU
NABISWA,KIMININI,TRANS NZOIA
NACHOLA,SAMBURU NORTH,SAMBURU
NACHU,KIKUYU,KIAMBU
NAIKARRA,NAROK WEST,NAROK
NAIROBI CENTRAL,STAREHE,NAIROBI
NAIROBI SOUTH,STAREHE,NAIROBI
NAIROBI WEST,LANGATA,NAIROBI
NAITIRI/KABUYEFWE,TONGAREN,BUNGOMA
NAIVASHA EAST,NAIVASHA,NAKURU
NAKALALE,TURKANA NORTH,TURKANA
NAKURU EAST,NAKURU TOWN EAST,NAKURU
NAMAMALI,MATUNGU,KAKAMEGA
NAMBALE TOWNSHIP,NAMBALE,BUSIA
NAMBOBOTO NAMBUKU,FUNYULA,BUSIA
NAMWELA,SIRISIA,BUNGOMA
NANAAM,TURKANA WEST,TURKANA
NANDI HILLS,NANDI HILLS,NANDI
NANGINA,FUNYULA,BUSIA
NANIGHI,FAFI,GARISSA
NANYUKI,LAIKIPIA EAST,LAIKIPIA
NAROK TOWN,NAROK NORTH,NAROK
NAROMORU KIAMATHAGA,KIENI,NYERI
NDALANI,YATTA,MACHAKOS
NDALAT,MOSOP,NANDI
NDALU/ TABANI,TONGAREN,BUNGOMA
NDANAI/ABOSI,SOTIK,BOMET
NDARAWETA,BOMET CENTRAL,BOMET
NDARUGU,GATUNDU SOUTH,KIAMBU
NDAVAYA,KINANGO,KWALE
NDEIYA,LIMURU,KIAMBU
NDENDERU,KIAMBAA,KIAMBU
NDITHINI,MASINGA,MACHAKOS
NDIVISI,WEBUYE EAST,BUNGOMA
NDOTO,SAMBURU NORTH,SAMBURU
NDUMBERI,KIAMBU,KIAMBU
NEBOI,MANDERA EAST,MANDERA
NESSUIT,NJORO,NAKURU
NGANDO,DAGORETTI SOUTH,NAIROBI
NGARA,STAREHE,NAIROBI
NG'ARARIA,KANDARA,MURANG'A
NGARE MARA,ISIOLO NORTH,ISIOLO
NGARIAMA,GICHUGU,KIRINYAGA
NGECHA TIGONI,LIMURU,KIAMBU
NGENDA,GATUNDU SOUTH,KIAMBU
NGENYILEL,TURBO,UASIN GISHU
NGERIA,KAPSERET,UASIN GISHU
NGEWA,GITHUNGURI,KIAMBU
NGINDA,MANYATTA,EMBU
NGINDA,MARAGWA,MURANG'A
NGOBIT,LAIKIPIA EAST,LAIKIPIA
NGOLIA,VOI,TAITA TAVETA
NGOLIBA,THIKA TOWN,KIAMBU
NGOMENI,MWINGI NORTH,KITUI
NGONG,KAJIADO NORTH,KAJIADO
NGUNI,MWINGI CENTRAL,KITUI
NGUU/MASUMBA,KIBWEZI WEST,MAKUENI
NGUUMO,KIBWEZI WEST,MAKUENI
NGUUTANI,MWINGI WEST,KITUI
NJABINI\KIBURU,KINANGOP,NYANDARUA
NJIA,IGEMBE CENTRAL,MERU
NJIRU,KASARANI,NAIROBI
NJORO,NJORO,NAKURU
NJUKIINI,GICHUGU,KIRINYAGA
NKAIMURUNYA,KAJIADO NORTH,KAJIADO
NKARETA,NAROK NORTH,NAROK
NKOMO,TIGANIA WEST,MERU
NKONDI,THARAKA,THARAKA-NITHI
NKUENE,SOUTH IMENTI,MERU
NORTH ALEGO,ALEGO USONGA,SIAYA
NORTH EAST BUNYORE,EMUHAYA,VIHIGA
NORTH GEM,GEM,SIAYA
NORTH HORR,NORTH HORR,MARSABIT
NORTH KADEM,NYATIKE,MIGORI
NORTH KAMAGAMBO,RONGO,MIGORI
NORTH KANYAMKAGO,URIRI,MIGORI
NORTH KARACHUONYO,KARACHUONYO,HOMA BAY
NORTH KINANGOP,KINANGOP,NYANDARUA
NORTH MARAGOLI,SABATIA,VIHIGA
NORTH NYAKACH,NYAKACH,KISUMU
NORTH SAKWA,AWENDO,MIGORI
NORTH SAKWA,BONDO,SIAYA
NORTH SEME,SEME,KISUMU
NORTH UGENYA,UGENYA,SIAYA
NORTH UYOMA,RARIEDA,SIAYA
NORTH WEST KISUMU,KISUMU WEST,KISUMU
NTHAWA,MBEERE NORTH,EMBU
NTIMA EAST,NORTH IMENTI,MERU
NTIMA WEST,NORTH IMENTI,MERU
NTIMARU EAST,KURIA EAST,MIGORI
NTIMARU WEST,KURIA EAST,MIGORI
NTUNENE,IGEMBE NORTH,MERU
NUU,MWINGI CENTRAL,KITUI
NYABASI EAST,KURIA EAST,MIGORI
NYABASI WEST,KURIA EAST,MIGORI
NYACHEKI,BOBASI,KISII
NYADHUNA,KABETE,KIAMBU
NYAKI EAST,NORTH IMENTI,MERU
NYAKI WEST,NORTH IMENTI,MERU
NYAKIO,KINANGOP,NYANDARUA
NYAKOE,KITUTU CHACHE SOUTH,KISII
NYALENDA 'A',KISUMU CENTRAL,KISUMU
NYALENDA B,KISUMU CENTRAL,KISUMU
NYAMAIYA,WEST MUGIRANGO,NYAMIRA
NYAMASIBI,NYARIBARI MASABA,KISII
NYAMOSENSE/KOMOSOKO,KURIA WEST,MIGORI
NYANDUMA,LARI,KIAMBU
NYANGATI,MWEA,KIRINYAGA
NYANGORES,CHEPALUNGU,BOMET
NYANSIONGO,BORABU,NYAMIRA
NYATIEKO,KITUTU CHACHE SOUTH,KISII
NYAYO HIGHRISE,KIBRA,NAIROBI
NYIRO,SAMBURU NORTH,SAMBURU
NYOTA,KURESOI NORTH,NAKURU
NZAMBANI,KITUI EAST,KITUI
NZAUI/KILILI/KALAMBA,MAKUENI,MAKUENI
NZOIA,LIKUYANI,KAKAMEGA
OBBU,MOYALE,MARSABIT
OLDO/NYIRO,ISIOLO NORTH,ISIOLO
OLKARIA,NAIVASHA,NAKURU
OLKERI,KAJIADO NORTH,KAJIADO
OL'LESSOS,NANDI HILLS,NANDI
OL-MORAN,LAIKIPIA WEST,LAIKIPIA
OLOKURTO,NAROK NORTH,NAROK
OLOlMASANI,EMURUA DIKIRR,NAROK
OLOLULUNG'A,NAROK SOUTH,NAROK
OLOOLUA,KAJIADO NORTH,KAJIADO
OLOOSIRKON/SHOLINKE,KAJIADO EAST,KAJIADO
OLORROPIL,NAROK NORTH,NAROK
OLPUSIMORU,NAROK NORTH,NAROK
OMBEYI,MUHORONI,KISUMU
ONGATA RONGAI,KAJIADO NORTH,KAJIADO
PANGANI,STAREHE,NAIROBI
PARKLANDS/HIGHRIDGE,WESTLANDS,NAIROBI
PIPELINE,EMBAKASI SOUTH,NAIROBI
PONGWE/KIKONENI,LUNGALUNGA,KWALE
PORO,SAMBURU WEST,SAMBURU
PORT REITZ,CHANGAMWE,MOMBASA
PUMA,KINANGO,KWALE
PUMWANI,KAMUKUNJI,NAIROBI
PURKO,KAJIADO CENTRAL,KAJIADO
RABAI/KISURUTINI,RABAI,KILIFI
RACECOURSE,KESSES,UASIN GISHU
RAGANA-ORUBA,SUNA WEST,MIGORI
RAILWAYS,KISUMU CENTRAL,KISUMU
RAMISI,MSAMBWENI,KWALE
RAVINE,ELDAMA RAVINE,BARINGO
RHAMU,MANDERA NORTH,MANDERA
RHAMU-DIMTU,MANDERA NORTH,MANDERA
RHODA,NAKURU TOWN WEST,NAKURU
RIABAI,KIAMBU,KIAMBU
RIANA,BONCHARI,KISII
RIBKWO,TIATY,BARINGO
RIGOMA,KITUTU MASABA,NYAMIRA
RIRUTA,DAGORETTI SOUTH,NAIROBI
ROMBO,KAJIADO SOUTH,KAJIADO
RONG'E,MWATATE,TAITA TAVETA
RONGENA/MANARET,SOTIK,BOMET
ROYSAMBU,ROYSAMBU,NAIROBI
RUAI,KASARANI,NAIROBI
RUCHU,KANDARA,MURANG'A
RUGI,MUKURWEINI,NYERI
RUGURU,MATHIRA,NYERI
RUGURU/NGANDORI,MANYATTA,EMBU
RUIRI/RWARERA,BUURI,MERU
RUMA-KAKSINGRI,SUBA,HOMA BAY
RUMURUTI TOWNSHIP,LAIKIPIA WEST,LAIKIPIA
RURII,OL KALOU,NYANDARUA
RURING'U,NYERI TOWN,NYERI
RURUMA,RABAI,KILIFI
RUSINGA ISLAND,MBITA,HOMA BAY
RWARE,NYERI TOWN,NYERI
RWATHIA,KANGEMA,MURANG'A
SABAKI,MALINDI,KILIFI
SABENA,LAGDERA,GARISSA
SABOTI,SABOTI,TRANS NZOIA
SACHO,BARINGO CENTRAL,BARINGO
SAGALLA,VOI,TAITA TAVETA
SAGAMIAN,NAROK SOUTH,NAROK
SAGANTE/JALDESA,SAKU,MARSABIT
SAIMO/KIPSARAMAN,BARINGO NORTH,BARINGO
SAIMO/SOI,BARINGO NORTH,BARINGO
SAKA,BALAMBALA,GARISSA
SALA,BURA,TANA RIVER
SALAMA,LAIKIPIA WEST,LAIKIPIA
SAMBIRIR,MARAKWET EAST,ELGEYO-MARAKWET
SAMETA/MOKWERERO,BOBASI,KISII
SANGAILU,IJARA,GARISSA
SANGALO/KEBULONIK,MOSOP,NANDI
SANGO,LIKUYANI,KAKAMEGA
SANKURI,BALAMBALA,GARISSA
SARANGOMBE,KIBRA,NAIROBI
SARMAN,TARBAJ,WAJIR
SEGERA,LAIKIPIA NORTH,LAIKIPIA
SEGERO/BARSOMBE,SOY,UASIN GISHU
SEKERR,SIGOR,WEST POKOT
SENGWER,MARAKWET WEST,ELGEYO-MARAKWET
SENSI,KITUTU CHACHE NORTH,KISII
SERGOIT,MOIBEN,UASIN GISHU
SERICHO,ISIOLO SOUTH,ISIOLO
SHAABAB,NAKURU TOWN WEST,NAKURU
SHAMAKHOKHO,HAMISI,VIHIGA
SHAMATA,NDARAGWA,NYANDARUA
SHANKOE,KILGORIS,NAROK
SHANZU,KISAUNI,MOMBASA
SHAURIMOYO KALOLENI,KISUMU CENTRAL,KISUMU
SHELLA,MALINDI,KILIFI
SHELLA,LAMU WEST,LAMU
SHEYWE,LURAMBI,KAKAMEGA
SHIKA ADABU,LIKONI,MOMBASA
SHIMANZI/GANJONI,MVITA,MOMBASA
SHIMBIR FATUMA,MANDERA SOUTH,MANDERA
SHIMO LA TEWA,KILIFI SOUTH,KILIFI
SHINOYI-SHIKOMARI-ESUMEYIA,NAVAKHOLO,KAKAMEGA
SHIRERE,LURAMBI,KAKAMEGA
SHIRU,HAMISI,VIHIGA
SHIRUGU-MUGAI,MALAVA,KAKAMEGA
SIANA,NAROK WEST,NAROK
SIAYA TOWNSHIP,ALEGO USONGA,SIAYA
SIBOTI,BUMULA,BUNGOMA
SIDINDI,UGUNJA,SIAYA
SIGOMERE,UGUNJA,SIAYA
SIGONA,KIKUYU,KIAMBU
SIGOR,CHEPALUNGU,BOMET
SIGOWET,SIGOWET/SOIN,KERICHO
SIKHENDU,KIMININI,TRANS NZOIA
SILALE,TIATY,BARINGO
SILIBWET TOWNSHIP,BOMET CENTRAL,BOMET
SIMAT/KAPSERET,KAPSERET,UASIN GISHU
SINGORWET,BOMET CENTRAL,BOMET
SINOKO,LIKUYANI,KAKAMEGA
SINYERERE,CHERANGANY,TRANS NZOIA
SIONGIROI,CHEPALUNGU,BOMET
SIRENDE,KIMININI,TRANS NZOIA
SIRIKWA,KURESOI NORTH,NAKURU
SITATUNGA,CHERANGANY,TRANS NZOIA
SITIKHO,WEBUTE WEST,BUNGOMA
SIYOI,KAPENGURIA,WEST POKOT
SOGOO,NAROK SOUTH,NAROK
SOIN,SIGOWET/SOIN,KERICHO
SOIN,RONGAI,NAKURU
SOKOKE,GANZE,KILIFI
SOKONI,KILIFI NORTH,KILIFI
SOLAI,RONGAI,NAKURU
SOLIAT,SIGOWET/SOIN,KERICHO
SOLOLO,MOYALE,MARSABIT
SONGHOR/SOBA,TINDERET,NANDI
SONGOT,TURKANA WEST,TURKANA
SOOK,KAPENGURIA,WEST POKOT
SOSIAN,LAIKIPIA NORTH,LAIKIPIA
SOUTH BUKUSU,BUMULA,BUNGOMA
SOUTH C,LANGATA,NAIROBI
SOUTH EAST ALEGO,ALEGO USONGA,SIAYA
SOUTH EAST NYAKACH,NYAKACH,KISUMU
SOUTH GEM,GEM,SIAYA
SOUTH KABRAS,MALAVA,KAKAMEGA
SOUTH KAMAGAMBO,RONGO,MIGORI
SOUTH KANYAMKAGO,URIRI,MIGORI
SOUTH KASIPUL,KASIPUL,HOMA BAY
SOUTH MARAGOLI,VIHIGA,VIHIGA
SOUTH SAKWA,AWENDO,MIGORI
SOUTH SAKWA,BONDO,SIAYA
SOUTH UYOMA,RARIEDA,SIAYA
SOUTH WEST KISUMU,KISUMU WEST,KISUMU
SOUTH WEST NYAKACH,NYAKACH,KISUMU
SOY,SOY,UASIN GISHU
SOY NORTH,KEIYO SOUTH,ELGEYO-MARAKWET
SOY SOUTH,KEIYO SOUTH,ELGEYO-MARAKWET
SOYSAMBU/ MITUA,TONGAREN,BUNGOMA
SUAM,KACHELIBA,WEST POKOT
SUBUKIA,SUBUKIA,NAKURU
SUGUTA MARMAR,SAMBURU WEST,SAMBURU
SUNA CENTRAL,SUNA EAST,MIGORI
SUSWA,NAROK EAST,NAROK
SYOKIMAU/MULOLONGO,MAVOKO,MACHAKOS
TABAKA,SOUTH MUGIRANGO,KISII
TAGARE,KURIA WEST,MIGORI
TAKABA,MANDERA WEST,MANDERA
TAKABA SOUTH,MANDERA WEST,MANDERA
TALA,MATUNGULU,MACHAKOS
TAMBACH,KEIYO NORTH,ELGEYO-MARAKWET
TAMBUA,HAMISI,VIHIGA
TANGULBEI/KOROSSI,TIATY,BARINGO
TAPACH,POKOT SOUTH,WEST POKOT
TAPSAGOI,TURBO,UASIN GISHU
TARAKWA,KESSES,UASIN GISHU
TARBAJ,TARBAJ,WAJIR
TEBERE,MWEA,KIRINYAGA
TEBESONIK,BURETI,KERICHO
TEMBELIO,MOIBEN,UASIN GISHU
TENDENO/SORGET,KIPKELION EAST,KERICHO
TENGES,BARINGO CENTRAL,BARINGO
TERIK,ALDAI,NANDI
TEZO,KILIFI NORTH,KILIFI
THANGATHA,TIGANIA EAST,MERU
THANGE,KIBWEZI EAST,MAKUENI
THARAKA,MWINGI NORTH,KITUI
THEGU RIVER,KIENI,NYERI
THETA,JUJA,KIAMBU
THIBA,MWEA,KIRINYAGA
THINGITHU,LAIKIPIA EAST,LAIKIPIA
TIGITHI,LAIKIPIA EAST,LAIKIPIA
TIMAU,BUURI,MERU
TIMBWANI,LIKONI,MOMBASA
TINDIRET,TINDERET,NANDI
TINET,KURESOI SOUTH,NAKURU
TING'ANG'A,KIAMBU,KIAMBU
TIRIOKO,TIATY,BARINGO
TIWI,MATUGA,KWALE
TONGAREN,TONGAREN,BUNGOMA
TONONOKA,MVITA,MOMBASA
TOWNSHIP,KANDUYI,BUNGOMA
TOWNSHIP,GARISSA TOWNSHIP,GARISSA
TOWNSHIP,KIAMBU,KIAMBU
TOWNSHIP,THIKA TOWN,KIAMBU
TOWNSHIP,KITUI CENTRAL,KITUI
TOWNSHIP,MANDERA EAST,MANDERA
TOWNSHIP,KIHARU,MURANG'A
TOWNSHIP,WEST MUGIRANGO,NYAMIRA
TOWNSHIP,WAJIR EAST,WAJIR
TSEIKURU,MWINGI NORTH,KITUI
TSIMBA GOLINI,MATUGA,KWALE
TUDOR,MVITA,MOMBASA
TULIMANI,MBOONI,MAKUENI
TULWET/CHUIYAT,KESSES,UASIN GISHU
TURBI,NORTH HORR,MARSABIT
TURI,MOLO,NAKURU
TURKWEL,LOIMA,TURKANA
TUWANI,SABOTI,TRANS NZOIA
UGUNJA,UGUNJA,SIAYA
UKIA,KAITI,MAKUENI
UKUNDA,MSAMBWENI,KWALE
UKWALA,UGENYA,SIAYA
UMANDE,LAIKIPIA NORTH,LAIKIPIA
UMOJA I,EMBAKASI WEST,NAIROBI
UMOJA II,EMBAKASI WEST,NAIROBI
UPPER KAEWA/IVETI,KATHIANI,MACHAKOS
UPPER SAVANNAH,EMBAKASI EAST,NAIROBI
URAN,MOYALE,MARSABIT
USONGA,ALEGO USONGA,SIAYA
UTALII,RUARAKA,NAIROBI
UTAWALA,EMBAKASI EAST,NAIROBI
UTHIRU,KABETE,KIAMBU
UTHIRU/RUTHIMITU,DAGORETTI SOUTH,NAIROBI
VANGA,LUNGALUNGA,KWALE
VISOI,RONGAI,NAKURU
VIWANDANI,MAKADARA,NAIROBI
VIWANDANI,NAIVASHA,NAKURU
VOO/KYAMATU,KITUI EAST,KITUI
WAA,MATUGA,KWALE
WABERA,ISIOLO NORTH,ISIOLO
WABERI,GARISSA TOWNSHIP,GARISSA
WAGBERI,WAJIR EAST,WAJIR
WAIA-KAKO,MBOONI,MAKUENI
WAITA,MWINGI CENTRAL,KITUI
WAITALUK,KIMININI,TRANS NZOIA
WAITHAKA,DAGORETTI SOUTH,NAIROBI
WALDAI,BELGUT,KERICHO
WAMAGANA,TETU,NYERI
WAMBA EAST,SAMBURU EAST,SAMBURU
WAMBA NORTH,SAMBURU EAST,SAMBURU
WAMBA WEST,SAMBURU EAST,SAMBURU
WAMUMU,MWEA,KIRINYAGA
WAMUNYU,MWALA,MACHAKOS
WANGCHIENG,KARACHUONYO,HOMA BAY
WANGU,KIHARU,MURANG'A
WANJOHI,KIPIPIRI,NYANDARUA
WARANQARA,LAFEY,MANDERA
WARGADUD,MANDERA SOUTH,MANDERA
WARGADUD,TARBAJ,WAJIR
WASEGES,SUBUKIA,NAKURU
WASIMBETE,SUNA WEST,MIGORI
WASO,SAMBURU EAST,SAMBURU
WASWETA II,SUNA WEST,MIGORI
WATAMU,KILIFI NORTH,KILIFI
WAYU,GALOLE,TANA RIVER
WEIWEI,SIGOR,WEST POKOT
WEMILABI,LUANDA,VIHIGA
WERU,OL JOROK,NYANDARUA
WERUGHA,WUNDANYI,TAITA TAVETA
WEST ALEGO,ALEGO USONGA,SIAYA
WEST ASEMBO,RARIEDA,SIAYA
WEST BUKUSU,BUMULA,BUNGOMA
WEST BUNYORE,EMUHAYA,VIHIGA
WEST GEM,RANGWE,HOMA BAY
WEST GEM,GEM,SIAYA
WEST KABRAS,MALAVA,KAKAMEGA
WEST KAMAGAK,KASIPUL,HOMA BAY
WEST KANYAMKAGO,URIRI,MIGORI
WEST KARACHUONYO,KARACHUONYO,HOMA BAY
WEST KASIPUL,KASIPUL,HOMA BAY
WEST KISUMU,KISUMU WEST,KISUMU
WEST NALONDO,KABUCHAI,BUNGOMA
WEST NYAKACH,NYAKACH,KISUMU
WEST SABATIA,SABATIA,VIHIGA
WEST SAKWA,AWENDO,MIGORI
WEST SAKWA,BONDO,SIAYA
WEST SANG'ALO,KANDUYI,BUNGOMA
WEST SEME,SEME,KISUMU
WEST UGENYA,UGENYA,SIAYA
WEST UYOMA,RARIEDA,SIAYA
WEST YIMBO,BONDO,SIAYA
WIGA,SUNA WEST,MIGORI
WITEITHIE,JUJA,KIAMBU
WITU,LAMU WEST,LAMU
WODANGA,SABATIA,VIHIGA
WOODLEY/KENYATTA GOLF COURSE,KIBRA,NAIROBI
WOTE,MAKUENI,MAKUENI
WUMINGU/KISHUSHE,WUNDANYI,TAITA TAVETA
WUNDANYI/MBALE,WUNDANYI,TAITA TAVETA
WUSI/KISHAMBA,MWATATE,TAITA TAVETA
YALA TOWNSHIP,GEM,SIAYA
YIMBO EAST,BONDO,SIAYA
ZIMMERMAN,ROYSAMBU,NAIROBI
ZIWA,SOY,UASIN GISHU
ZIWA LA NG'OMBE,NYALI,MOMBASA
ZIWANI/KARIOKOR,STAREHE,NAIROBI
ZOMBE/MWITIKA,KITUI EAST,KITUI
